context,pred,blog_id,artice_code
둘 찌 맘 미스 킴이 예요 뱃속 땡 큐는 소리 소문 없이 무럭무럭 자라서 벌써 8개월이 되었네요 ,1,248,44
남의 아기도 빨리 크는 거 같은데 내 애기도 빨리 크는 느낌 벌써 아기용품을 조금씩 조금씩 마련하고 있어요,1,248,44
예전에 첫 찌 때 썼던 포트는 들어서 물을 부어야 하는데 신생아 케어할 때 관절들이 다 늘어 나가지 고 손목 발목 안 아픈 데가 하나도 없더라구요,0,248,44
첫 찌가 있어서 모유 수유를 할 수 있을지 모르겠고 일단 저는 무조건 혼합 수유로 갈 것이기 때문에 분유 포트는 무조건 필요했어요,1,248,44
3년 전 떠 이를 낳을 때랑 달라진 것이 바로 출 수형 국민 분유 포트가 있다는 것 가장 유명하고 엄마들 사이에서 입소문이 자자한 에어 맘으로 초이스 했답니다,1,248,44
첫째가 쓰던 분유 포트가 아직도 집에 있지만 요즘에는 주전자형을 안 쓰고 다들 출 수형으로 쓴다 더 라구요 첫째 낳을 때도 출 수형 있었으면 무조건 출 수형 주전자 드는 것도 손목에 무리가 얼마나 가는지 ㅠㅠ 첫 찌 낳을 때 손목에 항상 손목 보호대를 하는데도 욱신욱신 시큰시큰 분유 주전자마저 도 힘겹게 들었던 기록이 새록새록 해요  그래서 이번에 신생아 준비물은 무조건 출 수형으로 초산인 엄마들은 분유 포트 고민하지 마시고 출 수형으로 선택하세요 ,0,248,44
내 손목도 지켜 주고 신세계가 열린다구요,1,248,44
제가 첫째 때 쓰던 주전자형 분유 포트는 영구 보온이 안됐어요 ,0,248,44
주전자형은 24 시간이 지나면 꺼져 버리기 때문에 매번 다시 데워 줘야 하거든요,1,248,44
그래서 애 분유 줘야 하는데 전원이 꺼져 있어서 완전 난 감했던 적이 한두 번이 아니었어요,0,248,44
애는 울지 주전자는 꺼져 있지 화가 났던 적도 많았어요,0,248,44
그래서 급하게 물을 끓였다가 차가운 말 타서 온도 맞춰서 준적이 여러 번 있었던 거 같아요,0,248,44
일단 영구 보온이 된다고 하니 물이 꺼질 일이 없고 새벽 수유하다가 물 꺼지는 거 발견하면 진짜 그때 그 식은땀  ㄷ ㄷ ㄷ ㄷ 이럴 일이 없어서 일단 너무 좋겠더라고요,1,248,44
그리고 급하게 또 물을 끓이고 식혀야 할 때는 에어 맘 국민 분유 포 트기에는 급속 쿨링 팬이 있어서 좀 더 빠르게 식힐 수 있으니 맘마 기다리는 우리 신생아에게 신속하게 맥일 수 있다는 것이 장점 영구 보온 자체만으로도 에어 맘 국민 분유 포트를 선택해야 할 이유는 충분하다 생각되요 이 제품을 만든 분은 육아를 해본 자다,1,248,44
생각이 들더라고요,1,248,44
제품은 이렇게 본체와 물받이 그리고 노즐을 청소 할 수 잇는 청소용품 이렇게 세 개 굉장히 간단하더라고요,1,248,44
그리고 조작법도 굉장히 쉬워서 저처럼 노산에 다가 기계조작이 어려운 엄마들도 쉽게 쉽게 조작할 수 있어요,1,248,44
그리고 요즘은 갬 성이 대세이기 때문에 엄마들이 맘마 존 자랑도 많이 하잖아요,1,248,44
맘마 존 자랑에 일등 공신일 것 같더라고요,1,248,44
깔끔한 디자인 슬림한 디자인이 주방인 테리어를 망치지 않을 것 같아 보였어요,1,248,44
설명서도 간단하고 눈에 한눈에 들어오게 되어 있어서 완전 기계 치인 저도 한번 정독으로 마스터 ㅋㅋㅋ 물이 뚝뚝 뚝 떨어지면 어쩌나 했는데 미니 미니한 물받이 사이즈가 너무 귀엽더라구요,1,248,44
위치만 맞추면 거의 흘리 진 않긴 하겠더라구요,0,248,44
청소가 많이 필요한 부분은 아닌 것 같았어요,0,248,44
저는 맘마 존이랄 게 딱히 없고 집에 싱크대 구조가 모서리를 향한 요상한 구조라 맘마 존이라고 할 곳이 딱히 없었어요,1,248,44
ㅠㅠ 싱크대와 가까이 위치해 있는 곳에 두어야 하기 때문에 오픈되어 있는 주전자 입구에 혹시나 먼지나 이런 게 들어가면 어쩌지 하는 노파심이 많이 들었는데 완전 밀폐형 구조라서 먼지 한 톨 안 들어가겟더라구요,0,248,44
ㅋㅋ 그리고 뚜껑도 스테인레스로 제작되었기 때문에 혹시나 있을 환경 호르몬의 대한 걱정에서도 벗어날 수 있을 것 같았어요,1,248,44
ㅋㅋ 내부도 스테인레스 고요 스텐 316으로 제작이 되었는데요 내 솥 그리고 뚜껑 토출까지 모두 스텐 316으로 제작되었는데 이것은 에어 맘이 유일 무이해요,1,248,44
스텐 316은 의료용이라서 안전하구요,1,248,44
 인증 뿐만 아니라 전자파적 합 인증까지 이 정도면 이것은 정말 육아를 하신 분이 제작하신 것 ㅋㅋ 이렇게 아이와 엄마까지 생각하면서 안전하게 제작을 하시다니,1,248,44
국민 분유 포트라고 이름 붙일 만해요,0,248,44
처음에 물 수위를 못 보는 줄 알고 에어 맘의 단점은 이 거구나 했는데 옆에 보니 뚜껑을 열지 않아도 물이 얼마나 남았는지 체크를 할 수 있어요,1,248,44
그리고 손잡이가 있는 구조에 다가 보기에는 조금 무게 감이 나가 보이지만 물을 비우면 고작 1 대밖에 안되기 때문에 특별하게 오랜 시간 머물러서 수유가 필요할 때는 챙겨 갈 수 있어서 좋겠더라고요,1,248,44
ㅋㅋㅋ 거기까지 고려해서 요렇게 제작하신 것 같아요,1,248,44
진짜 엄지 엄지 척 조 작 버튼은 총 8개로 되어 있어요,1,248,44
자동 냉각 잠금 전원 버튼 출수 전원 버튼을 누르고 물을 넣고 자동 버튼을 누르면 100도에서 3분 정도 가열하고 그리고 43 도로 식혀서 영구 보온이 가능한 대요 이때 빨리 식히길 원하면 냉각 버튼을 눌러 주면 되고요,1,248,44
여유가 있다면 자연적으로 식혀 줘도 되고요,1,248,44
 스테인레스이기 때문에 처음에는 연마제 제거를 권장하시더라고요,0,248,44
연마제 제거를 한 다음에 그리고 자동 열탕 세척을 하면 되는데요 자동 열탕 청소로 내부 배관을 청소 할 수 있고요,1,248,44
요거는 매주 해 주는 게 좋다고,0,248,44
하는데 정말 간단 해요 물을 넣고 전원  잠금 버튼을 2초 동안 누르면 100도에서 3분 정도 가열된 다음에 물이 자동으로 출수되서 정말 간단 해요 왠 만한 게으름뱅이도 매주 할 수 있을 것 같은 ㅋㅋㅋ 열탕 살균 소독은 구연산을 넣어서 수동 출 수로 물때 청소를 격주로 해 주면 되는데요 굉장히 간단하기 떄 문에 이것도 어렵지 않아요,1,248,44
이렇게 관리하면 따로 세정제를 사용해서 청소하지 않아도 깔끔 하게 사용이 가능하다고,1,248,44
주전자형은 그냥 한번 끓이고 벅벅 닦으면 되니깐 청소가 쉽다고,0,248,44
생각할 수 있고 출 수형은 노출이며 배관이며 청소가 어렵다고,0,248,44
생각할 수 있는데 노 노 사용해 보니 오히려 더 간편하더라구요,1,248,44
청소 모드로 해 놓고 다른 일 하고 있으면 알아서 출 수 되기 때문에 물만 버리면 끝 진짜 간편하다 간편해 물 줄기도 힘있게 쫙쫙 잘 나오더라구요,1,248,44
아주 만족스러워 집에 아직 젖병이 없어서 떠 이 빨대 컵으로 일단 테스트를 해보았는데요 조리 원 갔다가 집에 오는 거 생각해서 160으로 분유를 한번 타 보기로 했어요,1,248,44
1 스푼에 출수 버튼 한번이라고 생각하면 되는데요 물이 대략 35이라서 분유랑 합쳐 지면 40라고 생각하시면 되요,0,248,44
국내 분유는 분유를 넣고 물을 맞춰서 타기 때문에 요렇게 물량만 맞춰 주면 되구요,0,248,44
수입 분유를 먹이 시는 분들은 출수 버튼을 꾹 눌러 주면 물이 연속으로 나오니깐 그렇게 맞추고 분유를 타면 될 것 같아요,0,248,44
상황에 따라 조절이 가능하니 참으로 똑똑한 국민 분유 포트인 것 같아요,1,248,44
잠금 해제 버튼을 2초 눌러 주고 출수 버튼을 네 번만 눌러 주면 끝 진짜 너무너무 간편하더라고요,1,248,44
역시 육아는 템 빨인 것 같아요,0,248,44
ㅋㅋㅋㅋ 160 와 싱 기 방기 ㅋㅋ 진짜 밤에 두 눈 비벼 가며 새벽 수유할 때 막 불켜서 물 체크하지 않아도 버튼만 띡 띡 띡 누르면 되니깐 짱 편할 것 같아요,1,248,44
이거 슨 혁명 임산부 출산준비 선물로 선물해 줘도 너무 좋을 것 같아요,1,248,44
저는 정말 대대 대만족 ㅋㅋ 오늘도 편육 편안한 육아 하세요,1,248,44
분유 포트 하면 잘 알려 진 국민 템  에어 맘 얼마 전 친하게 지내는 동생이 나에게 연락이 와서 출산을 하고 모유 수유를 하는데 분유를 먹어야 할 것 같다고,1,252,44
말을 하더군,0,252,44
그래서 우리는 전화통화로 수다를 10분 정도 하고 있었는데 이야기 전개가 분유 포트에 대해서 흘러 가버리면서 어떤 제품을 선택을 해야 할지 비교도 해보고 주변 지인들에게 추천을 받아 보았지만 마땅히 끌리는 게 없다고 이야기를 했다 일단 나는 내가 몇 가지 사용하고 경험을 해본 정보들을 솔직하게 후기를 말해 주었다 나도 솔직히 다른 제품들을 사용할 때 항상 100퍼센트 만족하지 않았고 7080 만족하면서 1020 정도 부족한 부분이 매번 아쉬운 부분이 있었기에 내 스스로 100퍼센트 만족할 만한 제품을 찾는다는 게 쉽지 않았다,1,252,44
그러다 내가 에어 맘  분유 포트 선택한 이유는 첫째 아이를 출산하고는 1 세대 주전자형을 사용했었는데 주전자형은 물 울 분유 온도로 보온해 주고 유리로 되어 있어서 내부 확인을 한눈에 할 수 있는 장점이 있어서 안심하고 사용을 했었지만 단점은 분유 온도 40 도로 맞춰 지지만 타이머 설정의 한계가 있었다,0,252,44
ㅠㅠ 그리고 주전자형  에어 맘 제로 자동 출수 분유 포트는 버튼만 누르면 분 유물이 나오는 출수형 2 세대 분유 포트로 출산 후 호르몬 분비로 손목이 약한 나한테 가장 무리 없이 사용이 편해서 만족도가 높은 편이었다,1,252,44
사용법은 너무 간편했다 분유 포트 상단을 보게 되면 조작부  표시 창이 있고 조작부 버튼이 있는데 전원 버튼을 누루게 되면  점 등이 되어서 기능 버튼을 선택을 할 수 있고  표시 창을 보게 되면 용기 내의 물의 온도를 감지하여서 몰 온도가 표시되고 있었다 그리고 5초 이내에 기능 버튼을 누르지 않게 되면 모든 버튼이 잠기게 되는데 안전 모드로 전환이 되는 거였다,1,252,44
ㅎㅎ 보온 버튼을 누르게 되면  점 등이 되는데 이때 내가 원하는 온도를 설정하면 된다 보온 작동 방법은 넘나,1,252,44
쉬 움 그냥 표시 창에 있는    버튼을 눌러서 내가 원하는 온도를 설정하면 끝 참 보온 온도 설정 범위는 4090 도까지 가능하다 솔직히 에어 맘 분유 포트를 선택하기까지 정말 다양한 분유 포트를 써 봤다 남들은 한 가지 제품만 사용하기도 하지만 나는 첫째를 키우면서 느낀 점이 많았었기 때문에 물론 둘째를 생각하지도 못했지만 둘째가 태어나고 나서는 첫째를 키우면서 그동안 쌓아 왔던 육아 노하우 스펙이 업됐기 때문에 어떻게 하면 간편하게 몸에 무리가 가지 않게 둘째를 케어를 할까 많은 생각과 고민도 했다 첫째를 키울 때는 물 온도도 맞추기 힘들었고 어떨 때는 1 세대 주전자형을 사용할 때는 너무 뜨거워서 식히느라 얼음을 받아 놓고 젖병에 담겨 있는 분유를 식히기까지 했었다 정말 많은 고난과 역경이 ㅋㅋ 근데 이게 한가할 때는 가능하지만 아이가 빨리 분유를 주라고 보채게 되면 이마 저도 정말 너무 힘들 때가 많았다 그렇기 때문에 분유 포트는 나에게 신세계였었다 영구 보온으로 물이 식어 있을 걱정이 없었고 새벽에도 언제든 자다 일어나서 아이가 분유를 달라고 하면 바로 분유 온도에 맞는 물 출수가 가능해서 정말 만족하고 사용했다 오랫동안 물이 담겨 있어야 하기 때문에 내 솥이 어떤 재질로 되어 있는지 이 부분에서도 다른 제품들과 비교를 해보고 지인이 추천을 하는 방향으로 큰 틀을 잡아 보기도 했었다 1 위쪽이나 후면으로는 먼지나 주방에서 발생하는 기름 찌꺼기 등의 이물질 유입이 되지 않았다 2 밀폐형 구조로 아이의 물을 위생적으로 관리를 할 수 있어서 만족했다 3 자동 열탕 살균 세척 모드가 되어 있어서 아주 쉽게 위생 관리를 할 수 있는 장점이 있었다 4 내 솥  뚜껑  토 출구까지 안전 하다고 하는 소재인 의료 용 스테인리스 316을 사용했다고,1,252,44
해서 믿음이 갔고 안심이 됐다 5 17리터에 넉넉하게 물을 보온할 수 있기 때문에 수유량이 늘어도 걱정이 되지 않았다,1,252,44
6 일단 다른 제품을 비교해 봤을 때 24 시간 보온이 되는 제품들도 있었는데 에어 맘 분유 포트는 영구 보온이 가능했다 7 국내 분유 제조에 가장 적합한 물 양이라고 할 수 있는 35 미리 정량 출수가 가능해서 좋았다  국내 분유 기준 수유량은 40  물 양 35  분 유 1 스푼 5 내가 직접 내 돈 내산으로 사용해 본 솔 직 후기를 작성하다 보니 다른 제품들과 비교도 해봤고 주변 지인들에게 추천을 해보니 내 말 믿고 따라 사서 후회는 안했다고,0,252,44
주변에서 말들을 많이 했다 그리고 정말 친한 동생들이나 지인이 있으면 내가 출산 선물로 구매를 해서 보내주기도 했던 경험이 있는데 다들 만족해 했다 요즘은 다양한 리 뷰 이벤트를 통해서 네이버 페이를 적립 받을 수 있고 터치형이 대세인 듯 국민 육아 템이고 필수 육아 템이라고 할 수 있는 분유 포트 나름 만족하며 사용하고 있기도 하며 어느 제품과 비교를 하여도 손색없을 정도로 나는 만족했기 때문에 추천을 드려 볼만한 제품이라고 생각을 하며 플러스로 또 다른 장점을 이야기 하자면 외출을 하거나 여행을 갈 때 물을 비워서 손잡이가 있어서 들고 다니기 간편하다는 장점이 있다,1,252,44
ㅎㅎ 그럼 이만 1000 쿨 하게 인사하며 둘 째 케 어하로 ㅋㅋ,1,252,44
주변 출산하는 산모에게 무 얼 선물할까 고민하시는 분들이 많은데 출산 육아 경험이 있는 사람은 뭐가 필요한지 먼저 알고 챙겨 주지만 그렇지 않은 사람은 당최 어떤 걸 선물해 줘야 하는지 너무 어렵다 그런 사람을 위해 준비한 포스 팅 에어 맘 제로 분유 포트 출산 선물 추천 자세한 제품 언 박 싱 후기는 1 탄에 본 포스팅에서는 실제로 아이를 키우면서 분유 포트를 어떻게 활용하는 지에 대해 작성했다,1,244,44
▼ 분유 포트 에어 맘 제로 언 박 싱 ▼     9211 222690129835 아이를 낳고 모유 수유를 할지 분유 수유를 할지는 엄마 본인도 모른다 왜냐면 의지만 가지고 모유 수유를 할 수 없기에 몸 상태와 수유 컨디션이 따라 주어야 완전 모유 수유를 할 수 있다,1,244,44
완 모 맘들에게는 분유 포트가 필요 없다고 생각할 수 있지만 아이에게 물을 줄 때 끓였다 식힌 물을 먹이기도 하고 일정한 온도의 미온수를 보온해 주는 포트가 필요한 일이 왕왕 많다,1,244,44
그리고 초반에는 대부분 모유와 분유를 함께 먹이는 혼합 수유를 하기 때문에 분유 포트는 말 그대로 육아 필수 템 분유 포트 기는 쉽게 말하면 물을 팔팔 끓인 뒤 분유 타기 최적의 온도 43 도 로 유지해 주는 역할을 한다,1,244,44
나는 사진 왼쪽에 있는 분유 제조기인 브레짜를 사용하고 있는데 브레짜에도 어차피 끓였다 식힌 물을 넣어서 사용하기 때문에 분유 포트는 어쨌든 필요함 ㅎㅎ 나는 생수를 사용한다 생수 정수 수돗물 등 엄마들마다 사용하는 물은 다르다 본인이 사용하는 물을 에어 맘 분유 포트 안의  선까지 가득 차게 부어 준다,1,244,44
 선까지 채웠을 경우 17 라는 대용량의 물이 들어가기 때문에 이틀 정도는 분 유물 걱정을 안 해도 된다,0,244,44
ㅎㅎ 생수를 부으면 물의 온도가 뜬다 잠금 해제 버튼 2 초 간 누르면 해제  자동 버튼 두 개만 누르면 분유 물 준비 끝 너무 쉽다,0,244,44
물이 팔팔 다 끓었을 때 신호음이 한 번 나고 물이 적정 온도 43 도 로 세팅되면 신호음이 한 번 더 난다,0,244,44
100도에서 43 도로 식혀 지는 데에는 1 시간 30분 정도 소요되는 것 같다,0,244,44
아이가 배고파서 막 우는데 분유 물이 없으면 처음에는 매우 매우 당황스러우므로 아이 분유 텀을 고려해서 물 준비하는 건 필수  지금은 아이도 좀 크고 해서 그런 경우에 팔팔 끓는 물과 정수를 대충 섞어서 타긴 하는데 ㅋㅋ 신생아 때는 정말 멘 붕 ㅠ_ㅠ 43 도로 세팅되면 아주 마음이 든 든 언제든지 아이에게 적당히 미지근한 물을 줄 수 있다 외출할 때 텀블러에 담아 나갈 때는 잠금 해제 버튼  출수 버튼을 꾹 누르면 내가 원하는 만큼 물을 담을 수 있다,1,244,44
참고로 출수 버튼을 1회 짧게 누르면 분유 1 스푼에 맞는 물 용량인 35 가 출수된다,0,244,44
브레짜가 있어도 1주일에 1회는 세척을 하고 물기를 완전히 빠짝 말린 뒤 재사용하기 때문에 1주일에 하루 이틀 정도는 직접 분유를 타서 먹인다,0,244,44
이때 꼭 필요한 게 분유 포트 기 여름이 는 낮에 120160 정도 먹고 첫수와 막 수는 200 까지도 타서 먹인다,1,244,44
200 의 경우 분유 5 스푼을 넣고 출수 버튼을 짧게 5번 누르면 딱 맞는 정량으로 타서 먹일 수 있다,0,244,44
주전자 포트에서 젖병에 물 따르는 게 그렇게 귀찮은 일인 줄 몰랐는데 에어 맘 제로 분유 포트 기를 몇 번 사용해 보니 출수 버튼이 진짜 정말 편리 하다 젖병 눈금을 보지 않고도 정량을 딱 맞춰서 먹일 수 있으니 말이다,1,244,44
분유 5 스푼 출수 버튼 5번 누르니 약 210 정도의 분유가 완성됐다 브레짜의 경우 분유 양을 150 180 210 이렇게 30 단위로 설정할 수 있는데 항상 설정한 용량보다 1030 정도 더 나와서 분유를 버릴 때가 많은데 에어 맘 제로는 정량이 딱 나와서 원하는 만큼 탈 수 있다는 장점이 있다,1,244,44
출수 버튼 짧게 터치하고 분유 타는 모습을 영상으로 담아 보았다  남은 물의 양은 포트기 측면에서 직접 눈으로 보고 확인할 수 있다,1,244,44
분유 4 스푼에 출수 버튼 4번 누르니 귀신처럼 160170 사이로 양이 딱 맞춰 진다,0,244,44
그리고 분유뿐만 아니라 이유식 먹인 뒤에 물을 같이 먹이고 있는데 이때도 이유식 용기에 바로 출수 버튼 1회를 누르면 35 가 나와서 편리하다,1,244,44
어떤 걸 사야 할지 고민이라면 분유 포트 기 출산 선물 추천 완 모하는 아이에게도 분유 먹는 아이에게도 꼭 필요할 뿐더러 신생아 때부터 돌 지나서 까지 사용할 수 있어서 실용적인 선물이다  본 포스팅은 상품만을 무상으로 제공받아 솔직하게 작성되었습니다,1,244,44
